{"accuracy": [0.6181378364562988, 0.8627498149871826, 0.9162102341651917, 0.9418735504150391, 0.9550039172172546, 0.9648339152336121, 0.9725300669670105, 0.9761291742324829, 0.9800270199775696, 0.9823600649833679], "loss": [1.2877150774002075, 0.4293031394481659, 0.26285022497177124, 0.1797788143157959, 0.13448885083198547, 0.10717086493968964, 0.08300517499446869, 0.07357752323150635, 0.06365030258893967, 0.055309806019067764], "val_accuracy": [0.8102094531059265, 0.9222058057785034, 0.9294900894165039, 0.9483838081359863, 0.9602208137512207, 0.9551559090614319, 0.9615297317504883, 0.9677327275276184, 0.9632369875907898, 0.9660254716873169], "val_loss": [0.6036035418510437, 0.23955266177654266, 0.22151201963424683, 0.1552405059337616, 0.12235153466463089, 0.139176145195961, 0.1241164430975914, 0.10394079983234406, 0.11968845129013062, 0.11026007682085037]}